{
  "items": [
    {
      "id": 1,
      "title": "Order food",
      "subtitle": "Make sure it's delicious"
    },
    {
      "id": 2,
      "title": "Take a 30 min walk"
    },
    {
      "id": 3,
      "title": "Read a book"
    },
    {
      "id": 4,
      "title": "Buy a carpet",
      "subtitle": "Preferably from rugvista.se"
    },
    {
      "id": 5,
      "title": "Order tickets for Next.js Conf",
      "subtitle": "Special event"
    },
    {
      "id": 6,
      "title": "Have a go at the Rugvista code challenge",
      "subtitle": "You got this!"
    },
    {
      "id": 7,
      "title": "Improve the code challenge with own ideas"
    },
    {
      "id": 8,
      "title": "Do amazing things!"
    }
  ]
}